Users,                                                                Data for Call Option                                                               ,,,,,,,"Time to maturity
 (in days)",Implied Volatility,,,,
,Ticker symbol,Date,Price,CE Expiry,Strike Price,Option Price,"# of 
contracts",,Brenner & Subrahmanyam,Actual,1-(K/S)e[−r(T−t)],Difference,
Anindya Goswami,Nifty 50,21/03/2018,10155.25,28/06/2018,10500,181,64,99,8.56%,9.99%,-0.006,-1.43%,
Anindya Goswami,Nifty 50,23/03/2018,9998.05,28/06/2018,10200,262.9,5,97,12.75%,11.16%,0.007,1.59%,
Anindya Goswami,Nifty 50,27/03/2018,10184.15,28/06/2018,10400,211.5,6,93,10.29%,9.17%,0.004,1.12%,
Anindya Goswami,Nifty 50,03/04/2018,10245,28/06/2018,10500,201.1,448,86,10.11%,10.40%,-0.001,-0.29%,
Group 5,Nifty 50,03/01/2017,8192.25,23/02/2017,8200,195.2,2751,51,15.94%,16.28%,0.013,-0.34%,
Group 5,Nifty 50,21/02/2017,8907.85,30/03/2017,8900,156.05,20549,37,13.76%,13.45%,0.011,0.31%,
Group 5,Nifty 50,25/01/2017,8602.75,30/03/2017,8600,205.8,4393,64,14.28%,14.23%,0.018,0.05%,
Group 5,Nifty 50,06/02/2017,8801.05,30/03/2017,8800,180,5513,52,13.55%,13.55%,0.014,0.00%,
Group 5,Nifty 50,21/02/2017,8907.85,27/04/2017,8900,221.45,321,65,14.73%,14.51%,0.019,0.22%,
Group 5,Nifty 50,27/02/2017,8896.7,27/04/2017,8900,201.05,1239,59,14.05%,14.20%,0.016,-0.15%,
Group 5,Nifty 50,02/03/2017,8899.75,27/04/2017,8900,190,1805,56,13.63%,13.68%,0.015,-0.05%,
Group 5,Nifty 50,03/03/2017,8897.55,27/04/2017,8900,195.7,1728,55,14.17%,14.29%,0.015,-0.12%,
Group 5,Nifty 50,24/03/2017,9108,25/05/2017,9100,145.9,7119,62,9.72%,9.48%,0.018,0.24%,
Group 5,Nifty 50,07/04/2017,9198.3,25/05/2017,9200,169,1816,48,12.67%,12.76%,0.013,-0.09%,
Group 5,Nifty 50,10/05/2017,9407.3,29/06/2017,9400,144.3,5467,50,10.36%,10.13%,0.014,0.23%,
Group 5,Nifty 50,12/05/2017,9400.9,29/06/2017,9400,134.9,5499,48,9.89%,9.88%,0.013,0.01%,
Group 5,Nifty 50,15/05/2017,9445.4,29/06/2017,9450,115,8,45,8.67%,8.88%,0.012,-0.21%,
Group 5,Nifty 50,19/04/2017,9103.5,29/06/2017,9100,225,82,71,14.01%,13.94%,0.020,0.07%,
Group 5,Nifty 50,25/05/2017,9509.75,27/07/2017,9500,156.05,1100,63,9.87%,9.59%,0.018,0.28%,
Group 5,Nifty 50,26/05/2017,9595.1,27/07/2017,9600,141.05,2983,62,8.92%,9.34%,0.016,-0.42%,
Group 5,Nifty 50,29/05/2017,9604.9,27/07/2017,9600,167.9,7071,59,10.87%,10.75%,0.017,0.12%,
Group 5,Nifty 50,06/01/2017,8243.8,23/02/2017,8250,111.9,0,48,9.36%,9.64%,0.012,-0.28%,
Group 5,Nifty 50,08/06/2017,9647.25,27/07/2017,9650,155,1,49,10.96%,11.09%,0.013,-0.13%,
Group 5,Nifty 50,13/06/2017,9606.9,27/07/2017,9600,148.4,2521,44,11.12%,10.90%,0.013,0.22%,
Group 5,Nifty 50,12/01/2017,8407.2,23/02/2017,8400,181.75,5868,42,15.93%,15.67%,0.012,0.26%,
Group 5,Nifty 50,28/06/2017,9491.25,31/08/2017,9500,191,438,64,12.01%,12.32%,0.016,-0.31%,
Group 5,Nifty 50,29/06/2017,9504.1,31/08/2017,9500,190,496,63,12.03%,11.94%,0.018,0.09%,
Group 5,Nifty 50,27/06/2017,9511.4,31/08/2017,9500,202.05,444,65,12.58%,12.26%,0.019,0.32%,
Group 5,Nifty 50,28/03/2017,9100.8,25/05/2017,9100,146.25,16146,58,10.08%,10.08%,0.016,0.00%,
Group 3,Nifty 50,04/01/2016,7791.3,25/02/2016,8000,103,5742,52,8.76%,,-0.012,,
Group 3,Nifty 50,01/01/2016,7963.2,25/02/2016,8000,165.05,2436,55,13.35%,10.45%,0.010,2.90%,
Group 3,Nifty 50,04/01/2016,7791.3,25/02/2016,7800,197.45,1726,52,16.79%,17.19%,0.013,-0.40%,
Group 3,Nifty 50,05/01/2016,7784.65,25/02/2016,7800,189,4269,51,16.24%,16.92%,0.012,-0.68%,
Group 3,Nifty 50,06/01/2016,7741,25/02/2016,8000,,,50,0.00%,,-0.019,,
Group 3,Nifty 50,07/01/2016,7568.2,25/02/2016,7600,192.05,4376,49,17.31%,18.73%,0.009,-1.42%,
Group 3,Nifty 50,08/01/2016,7601.35,25/02/2016,7600,192.6,6173,48,17.47%,17.46%,0.013,0.01%,
Group 3,Nifty 50,11/01/2016,7563.85,25/02/2016,7600,187.85,7964,45,17.68%,19.34%,0.008,-1.66%,
Group 3,Nifty 50,12/01/2016,7510.3,25/02/2016,7500,215.95,2222,44,20.70%,20.28%,0.013,0.42%,
Group 3,Nifty 50,13/01/2016,7562.4,25/02/2016,7600,173,8846,43,16.66%,18.42%,0.007,-1.76%,
Group 3,Nifty 50,08/02/2016,7387.25,31/03/2016,7400,221.2,2143,52,19.83%,20.64%,0.012,-0.81%,
Group 3,Nifty 50,10/02/2016,7215.7,31/03/2016,7200,262,4396,50,24.53%,24.37%,0.016,0.16%,
Group 3,Nifty 50,02/02/2016,7455.55,31/03/2016,7500,196.05,2382,58,16.49%,18.46%,0.010,-1.97%,
Group 3,Nifty 50,03/02/2016,7361.8,31/03/2016,7400,200.45,4094,57,17.23%,18.99%,0.010,-1.76%,
Group 3,Nifty 50,05/02/2016,7489.1,31/03/2016,7500,222.95,4082,55,19.17%,19.86%,0.014,-0.69%,
Group 3,Nifty 50,09/02/2016,7298.2,31/03/2016,7300,247.85,4529,51,22.71%,23.09%,0.014,-0.38%,
Group 3,Nifty 50,02/03/2016,7368.85,28/04/2016,7400,183.25,4785,57,15.73%,17.05%,0.011,-1.32%,
Group 3,Nifty 50,03/03/2016,7475.6,28/04/2016,7500,170.45,5437,56,14.55%,15.59%,0.012,-1.04%,
Group 3,Nifty 50,04/03/2016,7485.35,28/04/2016,7500,176.8,3854,55,15.21%,15.87%,0.013,-0.66%,
Group 3,Nifty 50,08/03/2016,7485.3,28/04/2016,7500,169.05,5849,51,15.10%,15.78%,0.012,-0.68%,
Group 3,Nifty 50,09/03/2016,7531.8,28/04/2016,7500,209.35,3095,50,18.77%,17.40%,0.018,1.37%,
Group 3,Nifty 50,10/03/2016,7486.15,28/04/2016,7500,182.45,5976,49,16.63%,17.28%,0.012,-0.65%,
Group 3,Nifty 50,11/03/2016,7510.2,28/04/2016,7500,192.25,4630,48,17.65%,17.24%,0.014,0.41%,
Group 3,Nifty 50,14/03/2016,7538.75,28/04/2016,7500,209.45,4117,45,19.78%,17.99%,0.017,1.79%,
Group3,Nifty 50,03/03/2016,7475.6,26/05/2016,7500,224.05,1743,84,15.62%,16.48%,0.020,-0.86%,
Group3,Nifty 50,10/03/2016,7486.15,26/05/2016,7500,239.1,373,77,17.38%,17.92%,0.019,-0.54%,
Group3,Nifty 50,17/03/2016,7512.55,26/05/2016,7500,232,468,70,17.63%,17.22%,0.021,0.41%,
Group3,Nifty 50,28/03/2016,7615.1,27/05/2016,7600,271.55,124,60,21.99%,21.46%,0.018,0.53%,
Group 7,Nifty 50,04/01/2018,10504.8,22/02/2018,10500,236.4,1655,45,16.02%,15.25%,0.013,0.77%,
Group 7,Nifty 50,08/01/2018,10623.6,22/02/2018,10600,225.85,2219,45,15.14%,14.39%,0.014,0.75%,
Group 7,Nifty 50,12/01/2018,10681.25,22/02/2018,10700,191.6,5785,41,13.38%,14.05%,0.009,-0.67%,
Group 7,Nifty 50,17/01/2018,10788.55,28/03/2018,10800,248,365,70,13.12%,13.45%,0.018,-0.33%,
Group 7,Nifty 50,18/01/2018,10817,28/03/2018,10800,251,309,69,13.34%,12.93%,0.020,0.41%,
Group 7,Nifty 50,19/01/2018,10894.7,28/03/2018,10900,254.75,711,68,13.54%,13.72%,0.018,-0.18%,
Group 7,Nifty 50,23/01/2018,11083.75,28/03/2018,11100,249.55,674,64,13.44%,13.90%,0.016,-0.46%,
Group 7,Nifty 50,24/01/2018,11086,28/03/2018,11100,261.05,725,63,14.17%,14.58%,0.016,-0.41%,
Group 7,Nifty 50,01/02/2018,11016.9,28/03/2018,11000,229,7475,55,13.39%,12.94%,0.016,0.45%,
Group 7,Nifty 50,08/02/2018,10576.85,28/03/2018,10600,214.75,3973,48,14.00%,14.77%,0.011,-0.77%,
Group 7,Nifty 50,14/02/2018,10500.9,28/03/2018,10500,205.65,6792,42,14.43%,14.44%,0.012,-0.01%,
Group 7,Nifty 50,21/02/2018,10397.45,26/04/2018,10400,269.35,380,64,15.47%,15.58%,0.017,-0.11%,
Group 7,Nifty 50,28/02/2018,10492.85,26/04/2018,10500,238.25,1550,57,14.36%,14.61%,0.015,-0.25%,
Group 7,Nifty 50,07/03/2018,10154.2,26/04/2018,10150,240,1,50,15.96%,15.87%,0.014,0.09%,
Group 7,Nifty 50,14/03/2018,10410.9,26/04/2018,10400,211.45,3417,43,14.79%,14.45%,0.013,0.34%,
Group 7,Nifty 50,23/03/2018,9998.05,31/05/2018,10000,278.8,1996,69,16.03%,16.13%,0.019,-0.10%,
Group 7,Nifty 50,27/03/2018,10184.15,31/05/2018,10200,255.75,861,65,14.88%,15.36%,0.016,-0.48%,
Group 7,Nifty 50,11/04/2018,10417.15,31/05/2018,10400,233.6,1470,50,15.15%,14.64%,0.015,0.51%,
Group 7,Nifty 50,12/04/2018,10458.65,31/05/2018,10450,225,20,49,14.68%,14.44%,0.014,0.24%,
Group 7,Nifty 50,13/04/2018,10480.6,31/05/2018,10500,205.95,3642,48,13.55%,14.20%,0.011,-0.65%,
Group 7,Nifty 50,16/04/2018,10528.35,31/05/2018,10550,202.05,98,45,13.66%,14.41%,0.010,-0.75%,
Group 7,Nifty 50,18/04/2018,10526.2,31/05/2018,10550,197.95,199,43,13.70%,14.53%,0.009,-0.83%,
Group 7,Nifty 50,20/04/2018,10564.05,31/05/2018,10550,205.2,359,41,14.49%,14.03%,0.012,0.46%,
Group 7 ,Nifty 50,23/04/2018,10584.7,28/06/2018,10600,230.6,422,66,12.81%,13.26%,0.017,-0.45%,
Group 7 ,Nifty 50,02/05/2018,10718.05,28/06/2018,10700,221,1724,57,13.04%,12.55%,0.017,0.49%,
Group 7 ,Nifty 50,11/05/2018,10806.5,28/06/2018,10800,198.15,3797,48,12.64%,12.47%,0.014,0.17%,
Group 7 ,Nifty 50,16/05/2018,10741.1,28/06/2018,10750,183.35,36,43,12.43%,12.76%,0.011,-0.33%,
Group 7,Nifty 50,21/05/2018,10516.7,26/07/2018,10500,257,978,66,14.37%,13.94%,0.019,0.43%,
Group 7,Nifty 50,24/05/2018,10513.85,26/07/2018,10500,226,375,63,12.93%,12.58%,0.018,0.35%,
Group 7,Nifty 50,25/05/2018,10605.15,26/07/2018,10600,213.2,590,62,12.19%,12.08%,0.017,0.11%,10.35%
Group 7,Nifty 50,28/05/2018,10688.65,26/07/2018,10700,187,942,59,10.88%,11.23%,0.015,-0.35%,
Group 6,Nifty 50,12/07/2017,9816,31/08/2017,9800,168.75,5558,50,11.61%,11.09%,0.015,0.52%,
Group 6,Nifty 50,28/08/2017,9912,31/08/2017,9900,51.8,329832,3,14.41%,12.71%,0.002,1.70%,
Group 6,Nifty 50,25/07/2017,9964,31/08/2017,9950,164.7,842,37,12.98%,12.46%,0.011,0.52%,
Group 6,Nifty 50,28/07/2017,10014.5,31/08/2017,10000,146.3,115220,34,11.97%,11.40%,0.011,0.57%,
Group 6,Nifty 50,03/08/2017,10013.65,26/10/2017,10000,274.7,112,84,14.30%,13.99%,0.024,0.31%,
Group 6,Nifty 50,05/09/2017,9952.2,26/10/2017,9950,230.95,0,51,15.52%,15.49%,0.014,0.03%,
Group 6,Nifty 50,10/08/2017,9820.25,26/10/2017,9800,271.05,50,77,15.02%,14.51%,0.023,0.51%,
Group 6,Nifty 50,14/08/2017,9794.15,26/10/2017,9800,261.35,61,73,14.92%,15.13%,0.019,-0.21%,
Group 6,Nifty 50,17/08/2017,9904.15,26/10/2017,9900,258.55,116,70,14.90%,14.83%,0.019,0.07%,
Group 6,Nifty 50,28/08/2017,9912.08,26/10/2017,9900,230.1,192,59,14.43%,14.10%,0.017,0.33%,
Group 6,Nifty 50,11/09/2017,10006.05,26/10/2017,10000,185.35,2332,45,13.19%,13.01%,0.013,0.18%,
Group 6,Nifty 50,08/09/2017,9934.8,26/10/2017,9950,199,0,48,13.81%,14.36%,0.012,-0.55%,
Group 6,Nifty 50,05/09/2017,9952.2,26/10/2017,9950,230.95,0,51,15.52%,15.49%,0.014,0.03%,
Group 6,Nifty 50,04/09/2017,9912.85,30/11/2017,9900,281.95,170,87,14.56%,14.28%,0.025,0.28%,
Group 6,Nifty 50,11/09/2017,10006.85,30/11/2017,10000,260.15,292,80,13.88%,13.74%,0.022,0.14%,
Group 6,Nifty 50,15/09/2017,10085.4,30/11/2017,10100,237.1,83,76,12.88%,13.30%,0.019,-0.42%,
Group 6,Nifty 50,11/10/2017,9984.8,30/11/2017,10000,110.7,4147,50,7.49%,8.01%,0.012,-0.52%,
Group 6,Nifty 50,17/10/2017,10234.45,30/11/2017,10250,156.65,19,44,11.02%,11.59%,0.010,-0.57%,
Group 6,Nifty 50,24/10/2017,10207.7,30/11/2017,10200,172.6,12929,37,13.28%,13.02%,0.011,0.26%,
Group 6,Nifty 50,08/11/2017,10303.15,30/11/2017,10300,143.55,40161,22,14.19%,14.07%,0.006,0.12%,
Group 6,Nifty 50,09/10/2017,10118.05,28/12/2017,10100,220.5,1260,80,11.64%,11.20%,0.023,0.44%,
Group 6,Nifty 50,30/10/2017,10118.25,28/12/2017,10100,168.45,62217,59,10.35%,9.82%,0.018,0.53%,
Group 6,Nifty 50,22/12/2017,10493,28/12/2017,10500,46.35,322657,6,8.61%,9.27%,0.001,-0.66%,
Group 6,Nifty 50,07/11/2017,10350.15,30/11/2017,10350,156.45,7243,23,15.05%,15.09%,0.006,-0.04%,
Group 6,Nifty 50,23/11/2017,10348.75,30/11/2017,10350,68.35,59313,7,11.92%,12.07%,0.002,-0.15%,
Group 6,Nifty 50,06/11/2017,10451.8,30/11/2017,10450,138.5,10412,24,12.92%,12.87%,0.007,0.05%,
Group 6,Nifty 50,03/11/2017,10452.5,30/11/2017,10450,131.55,9416,27,11.57%,11.49%,0.008,0.08%,
Group 6,Nifty 50,05/10/2017,9888.7,30/11/2017,9900,187.15,2020,56,12.08%,12.47%,0.014,-0.39%,
Group 6,Nifty 50,04/10/2017,9914.9,30/11/2017,9900,200.9,1637,57,12.82%,12.38%,0.017,0.44%,
Group 4,Nifty 50,30/01/2018,11049.65,26/04/2018,11000,337.2,96,86,15.72%,14.61%,0.028,1.11%,
Group 4,Nifty 50,31/01/2018,11027.7,26/04/2018,11050,295,1336,85,13.86%,14.40%,0.021,-0.54%,
Group 4,Nifty 50,01/02/2018,11016.9,26/04/2018,11050,257.2,3338,84,12.17%,12.95%,0.020,-0.78%,
Group 4,Nifty 50,02/02/2018,10760.6,26/04/2018,10900,232,9,83,11.30%,14.39%,0.010,-3.09%,
Group 4,Nifty 50,05/02/2018,10666.55,26/04/2018,10700,278,10,80,13.92%,14.76%,0.019,-0.84%,
Group 4,Nifty 50,06/02/2018,10498.25,26/04/2018,10500,328.15,332,79,16.80%,16.89%,0.021,-0.09%,
Group 4,Nifty 50,07/02/2018,10476.7,26/04/2018,10500,300.5,1992,78,15.51%,16.13%,0.019,-0.62%,
Group 4,Nifty 50,08/02/2018,10576.85,26/04/2018,10600,279.55,66,77,14.39%,15.00%,0.019,-0.61%,
Group 4,Nifty 50,09/02/2018,10454.95,26/04/2018,10500,300.9,133,76,15.77%,16.93%,0.016,-1.16%,
Group 4,Nifty 50,14/02/2018,10500.9,26/04/2018,10500,294.55,230,71,15.90%,15.92%,0.019,-0.02%,
Group 4,Nifty 50,15/02/2018,10545.5,26/04/2018,10500,315.1,83,70,17.06%,15.87%,0.023,1.19%,
Group 4,Nifty 50,16/02/2018,10452.3,26/04/2018,10500,264.4,206,69,14.54%,15.83%,0.014,-1.29%,
Group 4,Nifty 50,19/02/2018,10378.4,26/04/2018,10400,273.05,365,66,15.47%,16.10%,0.016,-0.63%,
Group 4,Nifty 50,20/02/2018,10360.4,26/04/2018,10400,258.1,305,65,14.76%,15.88%,0.014,-1.12%,
Group 4,Nifty 50,21/02/2018,10397.45,26/04/2018,10400,270.1,380,64,15.51%,15.62%,0.017,-0.11%,
Group 4,Nifty 50,22/02/2018,10382.7,26/04/2018,10400,245.1,345,63,14.21%,14.73%,0.015,-0.52%,
Group 4,Nifty 50,23/02/2018,10491.05,26/04/2018,10500,242.55,3209,62,14.02%,14.32%,0.016,-0.30%,
Group 4,Nifty 50,26/02/2018,10582.6,26/04/2018,10600,224.1,1070,59,13.17%,13.70%,0.014,-0.53%,
Group 1,Nifty 50,01/04/2015,8586.25,25/06/2015,8600,291.05,308,85,17.56%,18.01%,0.021,-0.45%,
Group 1,Nifty 50,06/04/2015,8659.9,25/06/2015,8700,261,40,80,16.09%,17.31%,0.017,-1.22%,
Group 1,Nifty 50,10/04/2015,8780.35,25/06/2015,8800,261.15,5138,76,16.30%,16.93%,0.018,-0.63%,
Group 1,Nifty 50,13/04/2015,8834,25/06/2015,8800,281.15,3162,73,17.79%,16.77%,0.024,1.02%,
Group 1,Nifty 50,15/04/2015,8750.2,25/06/2015,8700,328,169,71,21.25%,19.70%,0.025,1.55%,
Group 1,Nifty 50,17/04/2015,8606,25/06/2015,8600,273.9,107,69,18.30%,18.15%,0.019,0.15%,
Group 1,Nifty 50,20/04/2015,8448.1,25/06/2015,8400,305.8,74,66,21.28%,19.67%,0.024,1.61%,
Group 1,Nifty 50,24/04/2015,8305.25,25/06/2015,8300,301.45,176,62,22.02%,21.90%,0.017,0.12%,
Group 1,Nifty 50,27/04/2015,8213.8,25/06/2015,8200,277.9,189,59,21.04%,20.59%,0.018,0.45%,
Group 1,Nifty 50,30/04/2015,8181.5,25/06/2015,8200,250.75,879,56,19.56%,20.31%,0.013,-0.75%,
Group 1,Nifty 50,29/05/2015,8433.65,27/08/2015,8400,326.8,143,90,19.51%,18.58%,0.028,0.93%,
Group 1,Nifty 50,01/06/2015,8433.4,27/08/2015,8400,308,41,87,18.70%,17.76%,0.027,0.94%,
Group 1,Nifty 50,08/06/2015,8044.15,27/08/2015,8000,312.1,318,80,20.72%,19.33%,0.027,1.39%,
Group 1,Nifty 50,12/06/2015,7982.9,27/08/2015,8000,253.8,655,76,17.42%,18.03%,0.019,-0.61%,
Group 1,Nifty 50,17/06/2015,8091.55,27/08/2015,8100,242.7,477,71,17.00%,17.34%,0.018,-0.34%,
Group 1,Nifty 50,22/06/2015,8353.1,27/08/2015,8400,205.7,4509,66,14.48%,16.07%,0.012,-1.59%,
Group 1,Nifty 50,29/06/2015,8318.4,27/08/2015,8300,264.8,1473,59,19.79%,19.18%,0.018,0.61%,
Group 1,Nifty 50,01/06/2018,10696.2,30/08/2018,10700,245.75,2,90,11.57%,11.68%,0.024,-0.11%,
Group 1,Nifty 50,04/06/2018,10628.5,30/08/2018,10600,255.8,2,87,12.32%,11.67%,0.026,0.65%,
Group 1,Nifty 50,05/06/2018,10628.5,30/08/2018,10600,243.55,26,86,11.80%,11.14%,0.026,0.66%,
Group 1,Nifty 50,06/06/2018,10684.65,30/08/2018,10700,235.2,267,85,11.40%,11.80%,0.022,-0.40%,
Group 1,Nifty 50,07/06/2018,10768.35,30/08/2018,10800,214.2,957,84,10.37%,11.13%,0.020,-0.76%,
Group 1,Nifty 50,08/06/2018,10767.65,30/08/2018,10800,210.05,346,83,10.23%,11.01%,0.020,-0.78%,
Group 1,Nifty 50,11/06/2018,10786.95,30/08/2018,10800,227.5,519,80,11.26%,11.61%,0.020,-0.35%,
Group 1,Nifty 50,12/06/2018,10842.85,30/08/2018,10800,256.95,660,79,12.73%,11.70%,0.025,1.03%,
Group 1,Nifty 50,13/06/2018,10856.7,30/08/2018,10900,202.65,530,78,10.09%,11.15%,0.017,-1.06%,
Group 1,Nifty 50,14/06/2018,10808.05,30/08/2018,10800,234.2,686,77,11.79%,11.62%,0.022,0.17%,
Group 1,Nifty 50,15/06/2018,10817.7,30/08/2018,10800,229.5,1170,76,11.62%,11.21%,0.022,0.41%,
Group 1,Nifty 50,18/06/2018,10799.85,30/08/2018,10800,220,381,73,11.39%,11.43%,0.020,-0.04%,
Group 1,Nifty 50,19/06/2018,10710.45,30/08/2018,10700,242.9,397,72,12.77%,12.53%,0.020,0.24%,
Group 1,Nifty 50,18/05/2018,10596.4,26/07/2018,10600,234.2,34,69,12.71%,12.84%,0.018,-0.13%,
Group 1,Nifty 50,21/05/2018,10516.7,26/07/2018,10500,259.5,978,66,14.51%,14.09%,0.019,0.42%,
Group 1,Nifty 50,22/05/2018,10536.7,26/07/2018,10500,254.1,487,65,14.29%,13.29%,0.021,1.00%,
Group 1,Nifty 50,23/05/2018,10430.35,26/07/2018,10400,240.7,188,64,13.78%,12.94%,0.020,0.84%,
Group 1,Nifty 50,24-May-18,10513.85,26-Jul-18,10500,212.55,375,63,12.17%,11.81%,0.018,0.36%,
Group 1,Nifty 50,25-May-18,10605.15,26-Jul-18,10600,207.95,590,62,11.89%,11.78%,0.017,0.11%,
Group 1,Nifty 50,28-May-18,10688.65,26-Jul-18,10700,189.2,942,59,11.01%,11.36%,0.015,-0.35%,
Group 1,Nifty 50,29-May-18,10633.3,26-Jul-18,10600,211.15,544,58,12.45%,11.49%,0.019,0.96%,
Group 1,Nifty 50,30-May-18,10614.35,26-Jul-18,10600,206.25,447,57,12.29%,11.90%,0.017,0.39%,
Group 1,Nifty 50,31-May-18,10736.15,26-Jul-18,10700,191.7,1359,56,11.40%,10.33%,0.019,1.07%,
Group 1,Nifty 50,01-Jun-18,10696.2,26-Jul-18,10700,185.65,2648,55,11.18%,11.32%,0.015,-0.14%,
Group 1,Nifty 50,04-Jun-18,10628.5,26-Jul-18,10600,197.65,692,52,12.32%,11.46%,0.017,0.86%,
Group 1,Nifty 50,05-Jun-18,10593.15,26-Jul-18,10600,188.35,1186,51,11.89%,12.13%,0.013,-0.24%,
Group 1,Nifty 50,06-Jun-18,10684.65,26-Jul-18,10700,168.7,2153,50,10.66%,11.17%,0.012,-0.51%,
Group 1,Nifty 50,07-Jun-18,10768.35,26-Jul-18,10750,175.75,11,49,11.14%,10.59%,0.015,0.55%,
Group 1,Nifty 50,08-Jun-18,10767.65,26-Jul-18,10750,172.5,11,48,11.04%,10.51%,0.015,0.53%,
Group 1,Nifty 50,11-Jun-18,10786.95,26-Jul-18,10800,162.8,3786,45,10.75%,11.20%,0.011,-0.45%,
Group 1,Nifty 50,12-Jun-18,10842.85,26-Jul-18,10850,158.85,28,44,10.55%,10.81%,0.011,-0.26%,
Group 1,Nifty 50,13-Jun-18,10856.7,26-Jul-18,10850,163.25,33,43,10.95%,10.76%,0.012,0.19%,
Group 1,Nifty 50,14-Jun-18,10808.05,26-Jul-18,10800,169.95,3387,42,11.59%,11.35%,0.012,0.24%,
Group 1,Nifty 50,15-Jun-18,10817.7,26-Jul-18,10800,168.55,4278,41,11.62%,11.04%,0.013,0.58%,
Group 1,Nifty 50,18-Jun-18,10799.85,26-Jul-18,10800,153.55,2582,38,11.02%,11.05%,0.010,-0.03%,
Group 1,Nifty 50,19-Jun-18,10710.45,26-Jul-18,10700,172.1,6081,37,12.62%,12.27%,0.011,0.35%,
Group 2,Nifty 50,9/11/2015,7915.2,31/12/2015,7900,231.6,3325,52,19.38%,18.81%,0.016,0.57%,
Group 2,Nifty 50,10/11/2015,7783.35,31/12/2015,7800,200.95,2330,51,17.27%,18.00%,0.012,-0.73%,
Group 2,Nifty 50,16/11/2015,7806.6,31/12/2015,7800,217.75,3691,45,19.86%,19.62%,0.013,0.24%,
Group 2,Nifty 50,19/11/2015,7842.75,31/12/2015,7850,175.4,21,42,16.48%,16.86%,0.011,-0.38%,
Group 2,Nifty 50,20/11/2015,7856.55,31/12/2015,7850,175.3,38,41,16.64%,16.38%,0.012,0.26%,
Group 2,Nifty 50,23/10/2015,8295.45,31/12/2015,8300,259.3,131,69,17.97%,18.18%,0.018,-0.21%,
Group 2,Nifty 50,29/10/2015,8111.75,31/12/2015,8100,261.5,316,63,19.40%,18.99%,0.019,0.41%,
Group 2,Nifty 50,16/11/2015,7806.6,28/01/2016,7800,285,26,73,20.41%,20.24%,0.021,0.17%,
Group 2,Nifty 50,26/11/2015,7883.8,28/01/2016,7900,230.4,970,63,17.59%,18.23%,0.015,-0.64%,
Group 2,Nifty 50,4/12/2015,7781.9,28/01/2016,7800,214.1,1067,55,17.72%,18.49%,0.013,-0.77%,
Group 2,Nifty 50,8/12/2015,7701.7,28/01/2016,7700,206.65,998,51,17.95%,17.93%,0.014,0.02%,
Group 2,Nifty 50,9/12/2015,7612.5,28/01/2016,7600,221,1418,50,19.61%,19.12%,0.015,0.49%,
Group 2,Nifty 50,10/12/2015,7683.3,28/01/2016,7700,198.7,3805,49,17.65%,18.41%,0.011,-0.76%,
Group 2,Nifty 50,11/12/2015,7610.45,28/01/2016,7600,210.7,2009,77,15.07%,14.74%,0.022,0.33%,
Group 2,Nifty 50,15/12/2015,7700.9,28/01/2016,7700,189.1,1937,44,17.68%,17.69%,0.012,-0.01%,
Group 2,Nifty 50,24-Jul-15,8521.55,24-Sep-15,8500,268,422,62,19.08%,18.38%,0.019,0.70%,
Group 2,Nifty 50,29-Jul-15,8375.05,24-Sep-15,8400,225.6,263,57,17.04%,17.99%,0.013,-0.95%,
Group 2,Nifty 50,30-Jul-15,8421.8,24-Sep-15,8400,252.55,386,56,19.14%,18.38%,0.018,0.76%,
Group 2,Nifty 50,04-Aug-15,8516.9,24-Sep-15,8500,226.05,5208,51,17.75%,17.15%,0.016,0.60%,
Group 2,Nifty 50,06-Aug-15,8588.65,24-Sep-15,8600,209.25,11652,49,16.62%,17.11%,0.012,-0.49%,
Group 2,Nifty 50,14-Aug-15,8518.55,24-Sep-15,8500,211.6,13490,41,18.53%,17.77%,0.013,0.76%,
Group 2,Nifty 50,19-Aug-15,8495.15,29-Oct-15,8500,264.3,433,71,17.64%,17.84%,0.019,-0.20%,
Group 2,Nifty 50,21-Aug-15,8299.95,29-Oct-15,8300,261.65,441,69,18.13%,18.18%,0.019,-0.05%,
Group 2,Nifty 50,25-Aug-15,7880.7,29-Oct-15,7900,304.05,175,65,22.86%,23.62%,0.015,-0.76%,
Group 2,Nifty 50,26-Aug-15,7791.85,29-Oct-15,7800,312.2,349,64,23.92%,24.30%,0.016,-0.38%,
Group 2,Nifty 50,28-Aug-15,8001.95,29-Oct-15,8000,278.7,4175,62,21.13%,21.11%,0.017,0.02%,
Group 2,Nifty 50,29-Oct-15,8111.75,31-Dec-15,8100,261.5,316,63,19.40%,19.03%,0.019,0.37%,
Group 2,Nifty 50,29-Oct-15,"8,495.15",31-Dec-15,"8,500.00",409.45,199,63,29.00%,29.26%,0.017,-0.26%,
Group 2,Nifty 50,18-Sep-15,7981.9,CE Expiry,8000,183.95,52715,#VALUE!,#VALUE!,17.96%,#VALUE!,#VALUE!,
Group 2,Nifty 50,16-Sep-15,7899.15,28/06/2018,7900,230.35,15010,1016,4.37%,21.34%,0.243,-16.97%,
Group 2,Nifty 50,15-Sep-15,7829.1,28/06/2018,7850,440.5,2,1017,8.43%,41.55%,0.241,-33.12%,
Group 2,Nifty 50,11-Sep-15,Price,28/06/2018,7800,257.4,5307,1021,#VALUE!,23.30%,#VALUE!,#VALUE!,
Group 2,Nifty 50,10-Sep-15,9567.457333,28/06/2018,7800,265.8,8538,1022,4.15%,23.85%,0.384,-19.70%,
Group 2,Nifty 50,09-Sep-15,9568.58729,23/02/2017,7800,271.85,7613,533,5.88%,22.70%,0.296,-16.82%,
Group 2,Nifty 50,08-Sep-15,9569.717248,30/03/2017,7700,269.15,9874,569,5.63%,23.98%,0.312,Difference,
Group 2,Nifty 50,03-Sep-15,9570.847205,30/03/2017,7800,294.55,3593,574,6.14%,23.18%,0.304,-17.04%,
Group 2,Nifty 50,02-Sep-15,9571.977163,30/03/2017,7700,320.05,1418,575,6.66%,25.64%,0.313,-18.98%,
Group 2,Nifty 50,01-Sep-15,9573.10712,27/04/2017,7800,317.55,1589,604,6.45%,26.20%,0.309,-19.75%,